{
  "hash": "4ec80c86",
  "configHash": "9e61d6d0",
  "lockfileHash": "7dba9799",
  "browserHash": "6f00feba",
  "optimized": {
    "@angular/common": {
      "src": "../../../../../../node_modules/@angular/common/fesm2022/common.mjs",
      "file": "@angular_common.js",
      "fileHash": "3ba33ba2",
      "needsInterop": false
    },
    "@angular/common/http": {
      "src": "../../../../../../node_modules/@angular/common/fesm2022/http.mjs",
      "file": "@angular_common_http.js",
      "fileHash": "fcc6981e",
      "needsInterop": false
    },
    "@angular/core": {
      "src": "../../../../../../node_modules/@angular/core/fesm2022/core.mjs",
      "file": "@angular_core.js",
      "fileHash": "b00030c8",
      "needsInterop": false
    },
    "@angular/forms": {
      "src": "../../../../../../node_modules/@angular/forms/fesm2022/forms.mjs",
      "file": "@angular_forms.js",
      "fileHash": "e4fb17a7",
      "needsInterop": false
    },
    "@angular/platform-browser": {
      "src": "../../../../../../node_modules/@angular/platform-browser/fesm2022/platform-browser.mjs",
      "file": "@angular_platform-browser.js",
      "fileHash": "638ca2b8",
      "needsInterop": false
    },
    "@angular/platform-server": {
      "src": "../../../../../../node_modules/@angular/platform-server/fesm2022/platform-server.mjs",
      "file": "@angular_platform-server.js",
      "fileHash": "633ce0cf",
      "needsInterop": false
    },
    "@angular/router": {
      "src": "../../../../../../node_modules/@angular/router/fesm2022/router.mjs",
      "file": "@angular_router.js",
      "fileHash": "f2254fc4",
      "needsInterop": false
    },
    "@angular/ssr": {
      "src": "../../../../../../node_modules/@angular/ssr/fesm2022/ssr.mjs",
      "file": "@angular_ssr.js",
      "fileHash": "27572fe1",
      "needsInterop": false
    },
    "@angular/ssr/node": {
      "src": "../../../../../../node_modules/@angular/ssr/fesm2022/node.mjs",
      "file": "@angular_ssr_node.js",
      "fileHash": "9ba5e6c5",
      "needsInterop": false
    },
    "express": {
      "src": "../../../../../../node_modules/express/index.js",
      "file": "express.js",
      "fileHash": "3bcd2bba",
      "needsInterop": true
    },
    "rxjs": {
      "src": "../../../../../../node_modules/rxjs/dist/cjs/index.js",
      "file": "rxjs.js",
      "fileHash": "77794df9",
      "needsInterop": true
    },
    "rxjs/operators": {
      "src": "../../../../../../node_modules/rxjs/dist/cjs/operators/index.js",
      "file": "rxjs_operators.js",
      "fileHash": "6e423ee9",
      "needsInterop": true
    }
  },
  "chunks": {
    "xhr2-TXIMV6CV": {
      "file": "xhr2-TXIMV6CV.js"
    },
    "chunk-ZNR6BQYB": {
      "file": "chunk-ZNR6BQYB.js"
    },
    "chunk-PXINYTWM": {
      "file": "chunk-PXINYTWM.js"
    },
    "chunk-MNNXTLQU": {
      "file": "chunk-MNNXTLQU.js"
    },
    "chunk-LHYOGCDY": {
      "file": "chunk-LHYOGCDY.js"
    },
    "chunk-AVCKQTS2": {
      "file": "chunk-AVCKQTS2.js"
    },
    "chunk-MXL36PNX": {
      "file": "chunk-MXL36PNX.js"
    },
    "chunk-SCA5T6B5": {
      "file": "chunk-SCA5T6B5.js"
    },
    "chunk-LRGD6IXK": {
      "file": "chunk-LRGD6IXK.js"
    },
    "chunk-XCIYP5SE": {
      "file": "chunk-XCIYP5SE.js"
    },
    "chunk-ZUJ64LXG": {
      "file": "chunk-ZUJ64LXG.js"
    },
    "chunk-OYTRG5F6": {
      "file": "chunk-OYTRG5F6.js"
    },
    "chunk-YHCV7DAQ": {
      "file": "chunk-YHCV7DAQ.js"
    }
  }
}